City_ID,City,Country,Lat,Lng,Max Temp,Humidity,Cloudiness,Wind Speed,Current Description
0,Narasannapeta,IN,18.4167,84.05,79.97,86,100,8.14,overcast clouds
1,Auki,SB,-8.7676,160.7034,76.98,88,6,3.31,clear sky
2,Brookhaven,US,31.5791,-90.4407,64.8,49,0,7.67,clear sky
3,Hermanus,ZA,-34.4187,19.2345,63.81,71,100,15.03,overcast clouds
4,Qinhuangdao,CN,39.9317,119.5883,68.2,83,0,5.86,clear sky
5,Kolpny,RU,52.2282,37.0368,60.84,89,52,5.61,broken clouds
6,Kahului,US,20.8947,-156.47,79.84,74,100,5.99,overcast clouds
7,Ribeira Grande,PT,38.5167,-28.7,73.8,56,75,4.61,broken clouds
8,Kodiak,US,57.79,-152.4072,35.11,93,40,6.91,mist
9,Wukari,NG,7.85,9.7833,84.65,66,98,2.75,overcast clouds
10,Nishihara,JP,26.1842,127.7558,80.65,83,75,2.3,broken clouds
11,Ruteng,ID,-8.6136,120.4721,63.79,89,94,1.43,overcast clouds
12,Barrow,US,71.2906,-156.7887,30.22,86,100,11.5,overcast clouds
13,Dikson,RU,73.5069,80.5464,35.17,85,100,18.1,overcast clouds
14,Kaitangata,NZ,-46.2817,169.8464,35.08,92,10,3.06,clear sky
15,Biankouma,CI,7.7391,-7.6138,78.76,80,38,1.92,moderate rain
16,Vadso,NO,70.0744,29.7487,38.28,75,20,5.75,few clouds
17,Rikitea,PF,-23.1203,-134.9692,73.36,77,99,9.57,light rain
18,Hobart,AU,-42.8794,147.3294,43.05,85,0,10.36,clear sky
19,Broken Hill,AU,-31.95,141.4333,58.73,53,18,7.49,few clouds
20,Daokou,CN,35.5639,114.5058,74.39,63,99,11.88,moderate rain
21,Mpongwe,ZM,-13.5091,28.155,88.11,12,70,8.12,broken clouds
22,Vardo,NO,70.3705,31.1107,42.78,75,40,13.8,scattered clouds
23,Ushuaia,AR,-54.8,-68.3,46.06,46,0,6.91,clear sky
24,Cidreira,BR,-30.1811,-50.2056,62.64,78,100,14.99,overcast clouds
25,Taicheng,CN,38.731,113.228,62.8,47,90,5.08,overcast clouds
26,Nanortalik,GL,60.1432,-45.2371,39.27,77,52,15.19,broken clouds
27,Victoria,HK,22.2855,114.1577,79.32,93,99,10.0,overcast clouds
28,Puerto Ayora,EC,-0.7393,-90.3518,69.76,99,98,1.99,overcast clouds
29,Rocha,UY,-34.4833,-54.3333,64.13,54,95,7.58,overcast clouds
30,Celestun,MX,20.8667,-90.4,81.18,58,100,10.45,overcast clouds
31,Albany,US,42.6001,-73.9662,51.64,78,100,2.53,overcast clouds
32,Kapaa,US,22.0752,-159.319,74.1,90,75,4.61,broken clouds
33,Pochutla,MX,15.7432,-96.4661,81.82,74,97,3.02,overcast clouds
34,Hilo,US,19.7297,-155.09,76.28,94,75,6.91,light rain
35,Sinnamary,GF,5.3833,-52.95,86.36,61,14,11.74,few clouds
36,Busselton,AU,-33.65,115.3333,56.57,74,0,9.08,clear sky
37,Cairns,AU,-16.9167,145.7667,75.15,73,75,3.44,broken clouds
38,Katsuura,JP,35.1333,140.3,72.19,85,48,11.39,scattered clouds
39,Atuona,PF,-9.8,-139.0333,76.24,65,54,14.14,broken clouds
40,Mackay,AU,-21.15,149.2,58.68,64,0,3.24,clear sky
41,Honiara,SB,-9.4333,159.95,76.86,89,16,5.37,few clouds
42,Oranjemund,NA,-28.55,16.4333,61.34,69,79,17.13,broken clouds
43,Mataura,NZ,-46.1927,168.8643,31.32,98,8,1.32,clear sky
44,Thompson,CA,55.7435,-97.8558,32.16,86,40,5.75,scattered clouds
45,Punta Arenas,CL,-53.15,-70.9167,44.71,53,0,29.93,clear sky
46,Kavaratti,IN,10.5669,72.642,81.64,75,96,11.41,overcast clouds
47,Provideniya,RU,64.3833,-173.3,33.69,76,23,8.08,few clouds
48,Airai,TL,-8.9266,125.4092,62.64,91,100,0.31,overcast clouds
49,Tuktoyaktuk,CA,69.4541,-133.0374,30.2,93,75,9.22,broken clouds
50,Spassk,RU,52.747,87.7545,28.13,90,100,4.88,overcast clouds
51,Marsaxlokk,MT,35.8419,14.5431,80.08,89,20,14.97,few clouds
52,Havelock,US,34.8791,-76.9013,71.55,91,100,23.02,heavy intensity rain
53,New Norfolk,AU,-42.7826,147.0587,42.71,65,0,2.68,clear sky
54,Namibe,AO,-15.1961,12.1522,77.63,69,0,12.66,clear sky
55,Sur,OM,22.5667,59.5289,82.8,71,0,10.85,clear sky
56,Sungaipenuh,ID,-2.0833,101.3833,65.59,97,81,1.16,broken clouds
57,Bethel,US,41.3712,-73.414,56.16,77,100,5.61,overcast clouds
58,Tabuk,PH,17.4189,121.4443,74.55,90,14,2.57,few clouds
59,Ayan,RU,56.45,138.1667,36.18,58,0,13.04,clear sky
60,Kamsack,CA,51.5667,-101.9009,55.67,78,100,12.01,overcast clouds
61,Saint-Philippe,RE,-21.3585,55.7679,71.19,80,32,10.67,scattered clouds
62,Constitucion,CL,-35.3333,-72.4167,60.31,74,82,4.16,broken clouds
63,Dundee,GB,56.5,-2.9667,59.52,84,40,19.57,scattered clouds
64,Carnarvon,AU,-24.8667,113.6333,70.93,63,0,18.84,clear sky
65,Cherskiy,RU,68.75,161.3,29.7,54,100,4.14,overcast clouds
66,Berlevag,NO,70.8578,29.0864,41.0,65,0,6.91,clear sky
67,Jamestown,US,42.097,-79.2353,52.02,86,0,4.61,clear sky
68,Hasaki,JP,35.7333,140.8333,70.29,79,30,10.98,scattered clouds
69,Mahebourg,MU,-20.4081,57.7,71.89,73,40,6.91,scattered clouds
70,Bambous Virieux,MU,-20.3428,57.7575,71.85,73,40,6.91,scattered clouds
71,Nikolskoye,RU,59.7035,30.7861,48.79,91,90,5.82,overcast clouds
72,Port Lincoln,AU,-34.7333,135.8667,53.19,86,0,12.24,clear sky
73,Bluff,NZ,-46.6,168.3333,39.63,76,5,2.3,clear sky
74,East London,ZA,-33.0153,27.9116,70.74,83,0,5.75,clear sky
75,Korla,CN,41.7597,86.1469,66.38,31,46,14.47,scattered clouds
76,Pacific Grove,US,36.6177,-121.9166,57.65,99,20,0.0,few clouds
77,Baruun-Urt,MN,46.6806,113.2792,46.38,55,67,7.52,broken clouds
78,Clyde River,CA,70.4692,-68.5914,28.63,86,75,20.71,light snow
79,Ossora,RU,59.2353,163.0719,38.82,96,100,11.12,light rain
80,Mar Del Plata,AR,-38.0023,-57.5575,62.62,74,0,8.05,clear sky
81,Severo-Kurilsk,RU,50.6789,156.125,47.39,88,99,12.3,light rain
82,Guerrero Negro,MX,27.9769,-114.0611,71.6,82,3,8.52,clear sky
83,Bredasdorp,ZA,-34.5322,20.0403,63.63,59,100,20.13,overcast clouds
84,Ust-Omchug,RU,61.15,149.6333,16.09,97,48,3.36,scattered clouds
85,Telciu,RO,47.4333,24.4,62.64,83,44,3.69,scattered clouds
86,Kirakira,SB,-10.4544,161.9205,80.01,82,44,6.93,scattered clouds
87,Sangar,RU,63.9242,127.4739,23.47,95,42,5.5,scattered clouds
88,Natal,BR,-5.795,-35.2094,88.02,55,40,18.41,scattered clouds
89,Faanui,PF,-16.4833,-151.75,77.29,71,0,10.54,clear sky
90,Hithadhoo,MV,-0.6,73.0833,82.22,72,66,9.48,broken clouds
91,Superior,US,46.7208,-92.1041,57.76,67,0,6.91,clear sky
92,Pevek,RU,69.7008,170.3133,30.97,66,100,10.94,overcast clouds
93,Vostok,RU,46.4856,135.8833,52.68,96,46,6.33,scattered clouds
94,Anaco,VE,9.4389,-64.4728,82.27,76,68,7.11,broken clouds
95,Norman Wells,CA,65.282,-126.8329,46.44,76,75,6.91,broken clouds
96,Belmonte,BR,-15.8631,-38.8828,75.79,86,96,8.03,overcast clouds
97,Maneadero,MX,31.7167,-116.5667,71.6,72,8,3.83,clear sky
98,Castro,BR,-24.7911,-50.0119,55.76,91,100,7.81,overcast clouds
99,Port Pirie,AU,-33.1833,138.0167,52.27,69,79,5.21,broken clouds
100,Ngawen,ID,-7.0032,111.3129,77.65,85,99,2.68,overcast clouds
101,Saskylakh,RU,71.9167,114.0833,10.72,99,84,4.63,broken clouds
102,Itarema,BR,-2.9248,-39.9167,88.07,54,13,19.08,few clouds
103,Parista,PH,15.8536,120.9282,74.03,92,25,3.85,scattered clouds
104,Asau,RO,46.4333,26.4,76.28,52,63,4.85,broken clouds
105,Pasni,PK,25.2631,63.471,79.86,78,0,14.32,clear sky
106,Fortuna,US,40.5982,-124.1573,57.92,89,0,1.99,clear sky
107,Bilma,NE,18.6853,12.9164,101.97,18,40,9.1,scattered clouds
108,Ostrovnoy,RU,68.0531,39.5131,35.6,97,100,9.04,light rain
109,Kimbe,PG,-5.5502,150.1429,74.7,89,12,4.41,few clouds
110,Kruisfontein,ZA,-34.0033,24.7314,71.89,77,100,13.67,overcast clouds
111,Pauini,BR,-7.7136,-66.9764,89.6,45,73,4.92,light rain
112,Aguimes,ES,27.9054,-15.4461,75.83,61,75,21.85,broken clouds
113,Mount Gambier,AU,-37.8333,140.7667,48.33,86,12,7.38,few clouds
114,Puerto Del Rosario,ES,28.5004,-13.8627,82.15,51,75,23.02,broken clouds
115,Avarua,CK,-21.2078,-159.775,71.65,73,0,9.22,clear sky
116,Impfondo,CG,1.6381,18.0667,80.55,71,99,2.08,overcast clouds
117,Lulea,SE,65.5842,22.1547,41.07,81,100,1.14,overcast clouds
118,Butaritari,KI,3.0707,172.7902,81.23,77,100,15.79,light rain
119,Ilulissat,GL,69.2167,-51.1,32.43,71,100,2.15,overcast clouds
120,Yellowknife,CA,62.456,-114.3525,46.92,87,20,19.57,few clouds
121,Grandola,PT,38.1772,-8.5668,65.35,34,32,8.1,scattered clouds
122,Saint-Denis,FR,48.9167,2.3333,65.05,51,0,16.11,clear sky
123,Saint-Joseph,RE,-21.3667,55.6167,70.18,77,22,11.77,few clouds
124,Tuy Hoa,VN,13.0833,109.3,77.74,90,100,3.83,overcast clouds
125,Nautla,MX,20.2167,-96.7833,75.96,70,9,11.5,clear sky
126,Axim,GH,4.8699,-2.2405,80.24,74,37,10.36,scattered clouds
127,Flin Flon,CA,54.7682,-101.865,42.64,81,75,8.05,broken clouds
128,Bereznik,RU,62.8551,42.7072,44.69,98,100,7.2,light rain
129,Fernie,CA,49.5,-115.0687,53.69,95,65,0.34,broken clouds
130,Kenitra,MA,34.261,-6.5802,72.36,55,0,13.53,clear sky
131,Gwanda,ZW,-20.9333,29.0,86.63,17,0,11.61,clear sky
132,Salalah,OM,17.0151,54.0924,79.66,79,100,6.78,overcast clouds
133,Netanya,IL,32.3329,34.8599,89.04,68,0,13.96,clear sky
134,Selkirk,CA,50.1436,-96.8845,54.16,51,84,7.18,broken clouds
135,Khislavichi,RU,54.1871,32.1582,54.57,88,100,3.58,overcast clouds
136,San Patricio,US,28.017,-97.5169,78.89,55,0,4.72,clear sky
137,Ulladulla,AU,-35.35,150.4667,52.7,80,100,10.78,light rain
138,Papar,MY,5.7333,115.9333,80.6,84,87,4.18,overcast clouds
139,Ribeira Brava,PT,32.65,-17.0667,75.7,81,80,1.66,broken clouds
140,Lagoa,PT,39.05,-27.9833,68.45,66,6,6.04,clear sky
141,Thinadhoo,MV,0.5333,72.9333,81.75,76,90,12.3,overcast clouds
142,Tasiilaq,GL,65.6145,-37.6368,37.0,76,100,7.2,overcast clouds
143,Tara,RU,56.8944,74.371,29.86,69,21,5.75,few clouds
144,Dubbo,AU,-32.25,148.6167,48.33,87,82,6.91,broken clouds
145,Arraial Do Cabo,BR,-22.9661,-42.0278,71.56,68,75,12.66,broken clouds
146,Poltavka,RU,54.3663,71.7632,30.06,75,19,6.46,few clouds
147,Palmer,US,42.1584,-72.3287,58.33,71,100,1.99,overcast clouds
148,Ichinohe,JP,40.2069,141.3017,58.51,96,0,5.37,clear sky
149,Khani,GE,41.9563,42.9566,69.37,61,1,3.49,clear sky
150,Pietersburg,ZA,-23.9045,29.4688,85.05,17,0,9.22,clear sky
151,Esperance,AU,-33.8667,121.9,51.87,84,2,12.82,clear sky
152,Qaanaaq,GL,77.484,-69.3632,20.21,67,94,12.71,overcast clouds
153,Piat,PH,17.7905,121.478,75.38,92,14,0.36,light rain
154,Mayo,US,38.8876,-76.5119,60.98,80,100,5.01,overcast clouds
155,Shetpe,KZ,44.1667,52.1167,75.54,23,0,6.51,clear sky
156,Port Alfred,ZA,-33.5906,26.891,70.18,86,100,3.0,overcast clouds
157,Saint-Nazaire,FR,47.2833,-2.2,63.34,74,75,16.11,broken clouds
158,Dicabisagan,PH,17.0818,122.4157,77.77,85,3,2.15,clear sky
159,Ternate,ID,0.8,127.4,81.57,75,42,2.24,scattered clouds
160,Leningradskiy,RU,69.3833,178.4167,21.81,75,100,8.61,overcast clouds
161,Amazar,RU,53.858,120.875,31.12,92,49,1.34,scattered clouds
162,Klaksvik,FO,62.2266,-6.589,52.72,95,100,28.7,overcast clouds
163,Cabedelo,BR,-6.9811,-34.8339,84.87,65,98,14.58,overcast clouds
164,Frederick,US,39.4668,-77.3997,58.39,81,0,11.5,clear sky
165,Namatanai,PG,-3.6667,152.4333,79.45,77,39,5.19,scattered clouds
166,Tateyama,JP,34.9833,139.8667,74.1,85,12,13.47,few clouds
167,Wenatchee,US,47.4235,-120.3103,60.39,70,0,6.91,clear sky
168,Portland,US,45.5234,-122.6762,58.93,91,100,6.91,overcast clouds
169,Upernavik,GL,72.7868,-56.1549,21.69,74,70,4.72,broken clouds
170,Yondo,CO,7.0062,-73.9097,79.29,94,75,3.44,broken clouds
171,Roma,US,43.2128,-75.4557,55.09,90,100,2.21,overcast clouds
172,Kuito,AO,-12.3833,16.9333,80.74,74,0,0.0,clear sky
173,Hambantota,LK,6.1241,81.1185,77.34,100,40,11.5,light rain
174,Paramonga,PE,-10.6667,-77.8333,64.9,74,99,8.01,overcast clouds
175,Liling,CN,27.6667,113.5,84.81,49,85,3.51,overcast clouds
176,Mutsu,JP,41.2894,141.2169,64.85,88,0,2.66,clear sky
177,Uromi,NG,6.7,6.3333,76.66,88,98,4.07,moderate rain
178,Sao Sebastiao,BR,-23.76,-45.4097,66.07,92,100,6.13,overcast clouds
179,Naugachhia,IN,25.4,87.1,86.97,62,91,4.59,overcast clouds
180,Talakan,RU,50.3167,130.3667,38.89,86,99,5.68,overcast clouds
181,Beringovskiy,RU,63.05,179.3167,39.2,76,100,22.48,overcast clouds
182,Narsaq,GL,60.9167,-46.05,38.57,69,99,3.0,overcast clouds
183,Ancud,CL,-41.8697,-73.8203,52.68,86,66,3.53,broken clouds
184,Rognan,NO,67.0953,15.3878,51.06,61,15,5.08,few clouds
185,Maraa,BR,-1.8333,-65.3667,92.89,40,76,4.29,broken clouds
186,Virginia Beach,US,36.8529,-75.978,67.01,95,100,18.41,heavy intensity rain
187,Khatanga,RU,71.9667,102.5,29.1,96,100,12.71,light snow
188,Jalna,IN,19.8333,75.8833,76.64,75,16,9.13,few clouds
189,Qaqortoq,GL,60.7167,-46.0333,38.91,69,98,6.69,overcast clouds
190,Kroya,ID,-7.6331,109.2461,77.56,89,100,6.96,overcast clouds
191,Neman,RU,55.0311,22.0264,55.96,62,99,0.76,overcast clouds
192,Ucluelet,CA,48.9329,-125.5528,57.09,93,78,3.78,broken clouds
193,Agadir,MA,30.4202,-9.5982,82.85,36,0,11.23,clear sky
194,Suoyarvi,RU,62.0833,32.35,44.01,98,100,2.08,overcast clouds
195,Oussouye,SN,12.485,-16.5469,86.18,75,100,7.54,moderate rain
196,Codrington,AU,-38.2667,141.9667,47.03,89,79,8.3,broken clouds
197,Cockburn Town,TC,21.4612,-71.1419,82.26,70,67,10.85,broken clouds
198,Bac Lieu,VN,9.285,105.7244,79.56,84,88,7.94,overcast clouds
199,Mastic Beach,US,40.7668,-72.8521,62.06,78,100,8.99,overcast clouds
200,Tselinnoye,RU,53.0833,85.6667,31.55,97,100,9.86,light snow
201,Yuncheng,CN,35.0231,110.9928,68.88,82,78,6.8,broken clouds
202,Gao,ML,16.6362,1.637,101.41,22,14,9.19,few clouds
203,Eyl,SO,7.9803,49.8164,78.57,75,3,23.24,clear sky
204,Hamilton,US,39.1834,-84.5333,60.06,74,0,1.99,clear sky
205,Pineville,US,31.3224,-92.4343,62.87,72,0,3.0,clear sky
206,Mutis,CO,6.2262,-77.4044,80.02,81,100,8.01,light rain
207,Lavrentiya,RU,65.5833,-171.0,33.08,73,26,6.55,scattered clouds
208,Peterhead,GB,57.5058,-1.7981,55.51,90,100,35.86,light rain
209,Najran,SA,17.4924,44.1277,90.25,11,26,14.36,scattered clouds
210,Sydney,AU,-33.8679,151.2073,58.71,75,40,14.97,scattered clouds
211,Avera,US,33.194,-82.5271,64.38,60,99,19.1,overcast clouds
212,Waddan,LY,29.1614,16.139,105.28,9,1,16.37,clear sky
213,Banda Aceh,ID,5.5577,95.3222,78.87,84,100,13.31,overcast clouds
214,Iquitos,PE,-3.7481,-73.2472,80.64,83,75,8.05,broken clouds
215,Benghazi,LY,32.1167,20.0667,88.11,52,37,7.58,scattered clouds
216,Talnakh,RU,69.4865,88.3972,31.21,97,100,6.4,overcast clouds
217,Treinta Y Tres,UY,-33.2333,-54.3833,63.32,62,80,12.06,light rain
218,Bashtanka,UA,47.4072,32.4387,73.63,49,36,10.2,scattered clouds
219,Manitouwadge,CA,49.1215,-85.8403,55.71,65,37,8.72,scattered clouds
220,Torbay,CA,47.6666,-52.7314,57.58,76,75,14.97,broken clouds
221,Shigony,RU,53.3875,48.6777,54.86,82,100,4.16,overcast clouds
222,Chuy,UY,-33.6971,-53.4616,64.44,55,89,10.2,overcast clouds
223,Shawville,CA,45.6001,-76.4827,52.77,46,0,2.59,clear sky
224,Kibre Mengist,ET,5.8833,38.9833,62.89,81,75,1.34,light rain
225,Coquimbo,CL,-29.9533,-71.3436,55.13,87,100,2.3,overcast clouds
226,Dauphin,CA,51.1494,-100.0502,51.94,84,100,10.36,overcast clouds
227,Isangel,VU,-19.55,169.2667,74.55,82,9,7.18,clear sky
228,Tiksi,RU,71.6872,128.8694,14.43,94,74,6.35,broken clouds
229,Tooele,US,40.5308,-112.2983,59.09,47,16,5.41,few clouds
230,Chokurdakh,RU,70.6333,147.9167,20.39,85,70,5.08,broken clouds
231,San Carlos,VE,9.6612,-68.5827,80.71,76,100,0.76,overcast clouds
232,Mashivka,UA,49.4431,34.8669,68.23,74,97,5.21,overcast clouds
233,Sao Jose Da Coroa Grande,BR,-8.8978,-35.1478,81.27,62,91,12.28,overcast clouds
234,Masvingo,ZW,-20.0637,30.8277,84.25,24,0,13.8,clear sky
235,Novo Horizonte,BR,-21.4681,-49.2208,80.64,51,57,7.65,broken clouds
236,Cape Town,ZA,-33.9258,18.4232,68.88,60,40,13.8,scattered clouds
237,Karratha,AU,-20.7377,116.8463,72.32,71,0,12.5,clear sky
238,Ouargaye,BF,11.5033,0.0572,84.99,59,70,8.84,broken clouds
239,Huarmey,PE,-10.0681,-78.1522,65.89,74,87,8.25,overcast clouds
240,Estelle,US,29.8458,-90.1067,72.0,57,0,8.01,clear sky
241,Iqaluit,CA,63.7506,-68.5145,33.53,93,100,5.75,light snow
242,Ponta Do Sol,PT,32.6667,-17.1,75.7,81,80,1.83,broken clouds
243,Peniche,PT,39.3558,-9.3811,73.29,64,34,18.39,scattered clouds
244,Ayagoz,KZ,47.9714,80.4392,27.03,51,5,15.08,clear sky
245,Wapakoneta,US,40.5678,-84.1936,58.44,72,0,6.91,clear sky
246,Geraldton,AU,-28.7667,114.6,63.01,88,8,10.36,clear sky
247,Port Elizabeth,ZA,-33.918,25.5701,74.1,83,75,13.8,broken clouds
248,Kilis,TR,36.7161,37.115,89.83,25,0,10.33,clear sky
249,High Rock,BS,26.6208,-78.2833,77.02,74,13,5.68,few clouds
250,Kholm,RU,59.2667,32.85,49.89,81,88,6.98,light rain
251,Sola,VU,-13.8833,167.55,79.66,70,64,6.22,broken clouds
252,Santa Helena De Goias,BR,-17.8136,-50.5969,87.4,40,8,7.34,clear sky
253,Lata,PT,40.1629,-8.3327,76.5,41,52,7.4,broken clouds
254,Kovur,IN,14.4833,79.9833,76.57,87,100,8.79,light rain
255,Shuangyang,CN,43.5242,125.6736,67.77,71,51,14.63,broken clouds
256,Necochea,AR,-38.5473,-58.7368,63.27,41,60,8.79,broken clouds
257,Clarence Town,AU,-32.5833,151.7833,61.86,81,100,6.4,overcast clouds
258,Port Augusta,AU,-32.5,137.7667,54.84,74,33,6.62,scattered clouds
259,Worland,US,44.0169,-107.9554,55.6,90,100,4.0,overcast clouds
260,Vao,NC,-22.6667,167.4833,72.03,83,80,12.35,broken clouds
261,Sioux Lookout,CA,50.1001,-91.917,50.07,87,40,3.44,scattered clouds
262,Quatre Cocos,MU,-20.2078,57.7625,71.71,72,7,9.98,clear sky
263,Diapaga,BF,12.0708,1.7889,81.7,66,100,6.35,overcast clouds
264,Ratekau,DE,53.95,10.7333,62.29,63,40,3.44,scattered clouds
265,Alice Springs,AU,-23.7,133.8833,65.21,30,99,0.0,overcast clouds
266,Gat,IL,31.61,34.7642,92.39,26,0,16.06,clear sky
267,Nome,US,64.5011,-165.4064,34.65,84,7,6.53,clear sky
268,Lorengau,PG,-2.0226,147.2712,81.34,75,100,4.59,overcast clouds
269,Spencer,US,43.1414,-95.1444,57.7,36,92,13.8,overcast clouds
270,Lebu,CL,-37.6167,-73.65,55.6,76,100,11.95,overcast clouds
271,Vaini,TO,-21.2,-175.2,71.76,78,20,8.05,few clouds
272,Bandarbeyla,SO,9.4942,50.8122,78.31,80,16,23.38,few clouds
273,Sao Filipe,CV,14.8961,-24.4956,79.79,85,32,3.65,light rain
274,Cabo San Lucas,MX,22.8909,-109.9124,84.51,77,0,5.32,clear sky
275,Wajima,JP,37.4,136.9,68.88,75,0,3.02,clear sky
276,Pisco,PE,-13.7,-76.2167,63.01,72,99,4.61,haze
277,Guigue,VE,10.0853,-67.7792,78.62,69,100,1.81,overcast clouds
278,Pinawa,CA,50.1489,-95.8811,57.13,58,73,4.92,broken clouds
279,Halifax,CA,44.6453,-63.5724,61.21,77,0,5.75,clear sky
280,Porto Belo,BR,-27.1578,-48.5531,64.8,70,100,6.87,overcast clouds
281,Otradnoye,RU,59.7775,30.8181,48.96,91,91,5.93,overcast clouds
282,Yeppoon,AU,-23.1333,150.7333,58.78,66,23,3.69,few clouds
283,Dharchula,IN,29.85,80.5333,66.15,83,7,4.65,clear sky
284,Mahanje,TZ,-9.9333,35.3333,77.36,39,100,7.52,overcast clouds
285,Griffith,US,41.5284,-87.4237,60.48,75,0,0.0,clear sky
286,Safaga,EG,26.7292,33.9365,93.13,34,0,9.62,clear sky
287,Yar-Sale,RU,66.8333,70.8333,30.2,73,16,8.88,few clouds
288,Buala,SB,-8.145,159.5921,80.08,81,28,7.49,light rain
289,Melfi,IT,40.9965,15.6514,76.28,36,100,7.61,overcast clouds
290,Belaya Kholunitsa,RU,58.84,50.8528,37.94,95,100,6.96,overcast clouds
291,Morant Bay,JM,17.8815,-76.4093,85.71,73,100,5.14,overcast clouds
292,Aginskoye,RU,51.1,114.53,37.8,88,89,6.53,overcast clouds
293,Touros,BR,-5.1989,-35.4608,85.05,55,59,17.63,broken clouds
294,Burnie,AU,-41.0667,145.9167,50.92,74,93,8.37,overcast clouds
295,Mangrol,IN,21.1167,70.1167,81.03,72,6,10.0,clear sky
296,Saldanha,ZA,-33.0117,17.9442,68.05,70,94,11.01,overcast clouds
297,Chara,RU,56.9064,118.2631,28.17,87,86,2.1,overcast clouds
298,Mbekenyera,TZ,-10.0,38.9833,80.11,45,42,12.06,scattered clouds
299,Tura,IN,25.5198,90.2201,76.55,89,99,3.31,overcast clouds
300,Gurjaani,GE,41.7429,45.8011,73.71,43,0,3.11,clear sky
301,Leicester,GB,52.6386,-1.1317,55.72,90,100,25.68,moderate rain
302,Lichinga,MZ,-13.3128,35.2406,75.29,38,75,10.36,broken clouds
303,Villefranche-Sur-Saone,FR,45.9833,4.7167,61.54,64,36,7.81,scattered clouds
304,Dingle,PH,10.9995,122.6711,76.17,88,97,5.14,overcast clouds
305,Karpogory,RU,64.0019,44.4451,40.78,96,100,8.72,overcast clouds
306,Upata,VE,8.0086,-62.3989,83.37,68,93,7.63,overcast clouds
307,Lompoc,US,34.6391,-120.4579,59.52,98,100,1.01,fog
308,Walvis Bay,NA,-22.9575,14.5053,70.75,52,0,11.5,clear sky
309,Bengkulu,ID,-3.8004,102.2655,76.98,89,54,2.73,broken clouds
310,Kavieng,PG,-2.5744,150.7967,81.41,77,72,10.92,light rain
311,Atambua,ID,-9.1061,124.8925,75.9,82,100,3.49,overcast clouds
312,Gashua,NG,12.871,11.0482,96.49,29,91,9.37,overcast clouds
313,Mount Isa,AU,-20.7333,139.5,65.97,48,98,0.0,overcast clouds
314,Yulara,AU,-25.2406,130.9889,69.22,28,100,2.53,overcast clouds
315,Comodoro Rivadavia,AR,-45.8667,-67.5,55.26,58,0,6.91,clear sky
316,Wuan,CN,31.6836,112.0044,76.59,53,10,7.81,clear sky
317,Blagoyevo,RU,63.3667,47.9167,37.29,93,100,10.71,overcast clouds
318,Galle,LK,6.0367,80.217,79.14,84,100,15.75,light rain
319,Dakar,SN,14.6937,-17.4441,86.88,78,100,9.8,overcast clouds
320,Dhidhdhoo,MV,6.8833,73.1,80.28,81,100,21.97,overcast clouds
321,Muhos,FI,64.808,25.9931,38.98,99,100,0.2,overcast clouds
322,Sept-Iles,CA,50.2001,-66.3821,52.05,79,21,4.0,few clouds
323,Majene,ID,-3.5403,118.9707,79.84,81,100,1.21,overcast clouds
324,Olafsvik,IS,64.8945,-23.7142,46.02,89,99,21.83,overcast clouds
325,Hervey Bay,AU,-25.2986,152.8535,62.02,80,99,14.0,overcast clouds
326,Ambon,ID,-3.6954,128.1814,78.94,94,40,4.61,light rain
327,Tsalka,GE,41.5946,44.0891,59.02,58,35,0.65,scattered clouds
328,Santa Cruz,BO,-17.8,-63.1667,73.24,44,99,10.56,overcast clouds
329,Northam,GB,51.0333,-4.2167,59.25,97,100,30.18,light rain
330,Goma,CD,-1.6792,29.2228,69.06,76,100,3.09,light rain
331,Rudnya,RU,54.947,31.0934,52.45,74,82,4.27,broken clouds
332,Kodinsk,RU,58.6881,99.1844,28.04,73,100,3.76,overcast clouds
333,Buchanan,LR,5.8808,-10.0467,81.39,72,47,10.63,scattered clouds
334,Puerto Colombia,CO,10.9878,-74.9547,84.29,74,80,7.27,broken clouds
335,Te Anau,NZ,-45.4167,167.7167,32.7,94,20,1.52,few clouds
336,Palana,RU,59.1167,159.9667,38.26,86,100,9.17,light rain
337,Chirilagua,SV,13.2203,-88.1386,75.45,89,100,3.27,overcast clouds
338,Swellendam,ZA,-34.0226,20.4417,69.94,49,100,11.77,overcast clouds
339,Samarai,PG,-10.6167,150.6667,80.8,80,6,9.22,clear sky
340,Hirara,JP,24.8,125.2833,82.4,74,1,12.15,clear sky
341,New Smyrna Beach,US,29.0258,-80.927,71.02,65,39,13.15,scattered clouds
342,Tuatapere,NZ,-46.1333,167.6833,33.93,90,11,3.49,few clouds
343,Pandan,PH,14.0453,124.1694,79.97,84,14,7.49,few clouds
344,Port Hardy,CA,50.6996,-127.4199,51.98,100,100,0.0,light intensity drizzle
345,Poso,ID,-1.3959,120.7524,76.6,90,100,3.89,overcast clouds
346,Hofn,IS,64.2539,-15.2082,51.82,82,100,5.75,overcast clouds
347,Faya,SA,18.3851,42.4509,67.26,54,12,9.69,few clouds
348,Los Alamos,US,35.8881,-106.307,63.66,41,0,1.99,clear sky
349,Viedma,AR,-40.8135,-62.9967,72.1,26,100,16.35,overcast clouds
350,Payo,ID,-3.7508,103.6372,74.01,94,29,2.82,scattered clouds
351,Sitka,US,57.0531,-135.33,55.0,90,100,2.62,overcast clouds
352,Rawson,AR,-43.3002,-65.1023,61.56,50,95,3.27,overcast clouds
353,Kargil,IN,34.5667,76.1,53.02,41,58,8.34,light rain
354,Sao Joao Da Barra,BR,-21.6403,-41.0511,69.78,68,92,11.25,overcast clouds
355,Baghdad,IQ,33.3406,44.4009,93.4,11,0,9.75,clear sky
356,Bousso,TD,10.4795,16.7117,90.21,52,14,3.27,few clouds
357,Veshenskaya,RU,49.6303,41.7334,67.23,57,70,5.55,broken clouds
358,Nova Olimpia,BR,-14.7972,-57.2881,78.06,65,99,4.41,overcast clouds
359,Lima,PE,-12.0432,-77.0282,68.9,71,100,3.44,overcast clouds
360,Nurota,UZ,40.5614,65.6886,66.22,21,72,12.17,broken clouds
361,Nuevitas,CU,21.5453,-77.2644,84.24,67,100,3.47,overcast clouds
362,Georgetown,MY,5.4112,100.3354,85.95,84,20,13.0,moderate rain
363,Luz,BR,-19.8014,-45.6856,78.8,52,89,5.1,overcast clouds
364,Marienburg,PL,54.0359,19.0266,58.87,58,29,4.32,scattered clouds
365,Rock Springs,US,41.5875,-109.2029,50.23,90,83,11.07,broken clouds
366,Gold Coast,AU,-28.0,153.4333,66.18,84,37,13.8,scattered clouds
367,Jalu,LY,29.0331,21.5482,104.43,12,0,14.05,clear sky
368,Giaginskaya,RU,44.8621,40.0719,72.82,47,1,2.55,clear sky
369,Salinas,US,36.6777,-121.6555,62.73,82,0,3.44,clear sky
370,Montrose,US,38.4166,-108.2673,49.53,41,45,3.94,scattered clouds
371,Bogande,BF,12.9714,-0.1436,89.38,49,100,8.16,overcast clouds
372,Fairbanks,US,64.8378,-147.7164,43.92,84,100,1.72,overcast clouds
373,Lamu,KE,-2.2717,40.902,79.02,76,39,12.53,scattered clouds
374,Marzuq,YE,14.4,46.4667,78.3,46,41,5.35,scattered clouds
375,Whitehorse,CA,60.7161,-135.0538,46.31,69,14,5.99,few clouds
376,Pak Phanang,TH,8.3511,100.202,84.07,79,100,9.78,overcast clouds
377,San Cristobal,VE,7.7669,-72.225,70.43,89,100,3.58,overcast clouds
378,Miri,MY,4.4148,114.0089,80.92,82,93,7.25,overcast clouds
379,Mykhaylivka,UA,47.2724,35.2224,73.85,52,98,10.76,light rain
380,Maragogi,BR,-9.0122,-35.2225,80.92,63,85,12.41,overcast clouds
381,Alofi,NU,-19.0595,-169.9187,74.79,63,80,13.71,broken clouds
382,Port Blair,IN,11.6667,92.75,81.81,83,100,17.9,overcast clouds
383,Ambulu,ID,-8.345,113.6058,76.39,93,96,2.1,overcast clouds
384,Makasar,ID,-5.14,119.4221,75.25,100,20,1.14,few clouds
385,Umm Kaddadah,SD,13.6017,26.6876,98.01,14,18,7.02,few clouds
386,Juba,SS,4.8517,31.5825,82.53,61,31,3.06,scattered clouds
387,Mishan,CN,45.55,131.8833,62.26,80,89,8.52,moderate rain
388,Kemi,FI,65.8596,24.8228,40.77,75,100,4.61,overcast clouds
389,Lithakia,GR,37.7167,20.8333,79.97,57,75,3.44,broken clouds
390,Harnai,PK,30.1005,67.9374,82.56,31,0,3.94,clear sky
391,Kieta,PG,-6.2167,155.6333,78.37,84,7,5.68,clear sky
392,Kempsey,AU,-31.0833,152.8333,57.94,95,99,4.0,overcast clouds
393,Oistins,BB,13.0667,-59.5333,83.55,73,85,18.23,overcast clouds
394,Mahajanga,MG,-15.7167,46.3167,78.82,69,20,9.22,few clouds
395,Meulaboh,ID,4.1363,96.1285,76.21,89,100,8.08,moderate rain
396,Pangkalanbuun,ID,-2.6833,111.6167,76.44,95,92,1.79,moderate rain
397,Epitalion,GR,37.6333,21.5,79.65,49,99,2.64,overcast clouds
398,Jojoima,SL,7.8792,-10.7878,80.89,74,100,4.27,light rain
399,Cherepovets,RU,59.1333,37.9,49.82,100,75,0.0,mist
400,Valparaiso,CL,-33.0393,-71.6273,60.01,85,100,5.75,mist
401,Taree,AU,-31.9,152.4667,58.1,100,75,8.05,light rain
402,Havoysund,NO,70.9963,24.6622,44.83,58,4,7.99,clear sky
403,Ocosingo,MX,17.0667,-92.25,67.33,65,63,2.28,broken clouds
404,Fort-Shevchenko,KZ,44.5086,50.263,71.1,65,3,7.99,clear sky
405,Mormugao,IN,15.4,73.8,77.68,89,99,7.38,light rain
406,Sile,TR,41.1754,29.6133,84.87,52,0,1.99,clear sky
407,Brewster,US,41.3973,-73.6171,56.89,75,100,1.01,overcast clouds
408,Khasan,RU,42.4308,130.6434,60.62,87,1,3.06,clear sky
409,Acapulco,MX,16.8634,-99.8901,80.83,78,25,1.95,scattered clouds
410,Poniatowa,PL,51.1798,22.1309,51.71,96,100,9.15,moderate rain
411,Yerbogachen,RU,61.2767,108.0108,24.84,72,52,4.0,broken clouds
412,Port-Cartier,CA,50.0334,-66.8654,52.75,50,33,10.76,scattered clouds
413,Ustka,PL,54.5805,16.8619,54.64,50,50,0.22,scattered clouds
414,Naziya,RU,59.8,31.3833,46.44,1,98,7.58,overcast clouds
415,Morros,BR,-9.4467,-46.3003,97.57,17,61,6.69,broken clouds
416,La Ronge,CA,55.1001,-105.2842,50.22,71,100,9.22,overcast clouds
417,Oktyabrskiy,RU,54.4815,53.471,42.82,88,100,8.39,overcast clouds
418,Lac Du Bonnet,CA,50.2536,-96.0612,56.93,57,78,5.44,broken clouds
419,Bosaso,SO,11.2842,49.1816,87.3,67,16,4.88,few clouds
420,Adrar,MR,20.5022,-10.0711,92.17,20,0,14.83,clear sky
421,Presidencia Roque Saenz Pena,AR,-26.7852,-60.4388,78.8,33,0,7.23,clear sky
422,Mezen,RU,65.8522,44.24,35.87,95,100,8.86,overcast clouds
423,Shingu,JP,33.7333,135.9833,68.5,84,4,6.38,clear sky
424,Saint George,US,37.1041,-113.5841,74.79,50,0,1.01,clear sky
425,Kuandian,CN,40.7286,124.7847,57.36,98,18,1.68,few clouds
426,Svetlyy,RU,54.675,20.1347,55.96,65,43,2.04,scattered clouds
427,Arrecife,ES,28.963,-13.5477,80.58,54,40,27.63,scattered clouds
428,Grand Gaube,MU,-20.0064,57.6608,70.38,65,0,1.99,clear sky
429,Mersing,MY,2.4312,103.8405,79.52,81,65,4.74,broken clouds
430,Poum,NC,-20.2333,164.0167,74.41,81,79,19.04,broken clouds
431,Nabire,ID,-3.3667,135.4833,74.91,92,88,3.47,moderate rain
432,Barras,BR,-4.2444,-42.2944,102.49,21,63,4.7,broken clouds
433,Oeiras,BR,-7.0253,-42.1311,98.89,22,89,7.96,overcast clouds
434,Tazovskiy,RU,67.4667,78.7,32.85,84,97,8.63,overcast clouds
435,Kiunga,PG,-6.1219,141.2906,74.1,99,100,1.05,overcast clouds
436,Lalsk,RU,60.7415,47.5862,41.52,97,100,8.32,overcast clouds
437,Winnemucca,US,40.973,-117.7357,53.46,51,0,3.96,clear sky
438,Tahoua,NE,14.8888,5.2692,93.11,38,100,7.29,overcast clouds
439,Pelym,RU,61.0108,61.9978,28.26,71,5,5.23,clear sky
440,Makakilo City,US,21.3469,-158.0858,74.01,86,0,5.23,clear sky
441,Surgut,RU,61.25,73.4167,30.38,80,0,4.47,clear sky
442,Sorong,ID,-0.8833,131.25,80.02,81,83,7.83,broken clouds
443,Natchez,US,31.5604,-91.4032,65.25,59,0,8.05,clear sky
444,Bogale,MM,16.2833,95.4,76.71,92,100,4.54,overcast clouds
445,Moranbah,AU,-22.0016,148.0466,66.22,39,20,6.53,few clouds
446,Ampanihy,MG,-24.7,44.75,79.18,36,0,11.41,clear sky
447,Graaff-Reinet,ZA,-32.2522,24.5308,81.55,20,100,15.82,overcast clouds
448,Bacolod,PH,10.6667,122.95,78.12,80,100,4.59,overcast clouds
449,Ashukino,RU,56.16,37.95,60.76,89,100,7.65,overcast clouds
450,Takoradi,GH,4.8845,-1.7554,79.79,78,39,11.3,light rain
451,Pemba,MZ,-12.974,40.5178,76.6,69,4,10.31,clear sky
452,Gizo,SB,-8.103,156.8419,81.72,77,5,7.56,clear sky
453,Margate,GB,51.3813,1.3862,61.9,69,100,11.01,overcast clouds
454,Merauke,ID,-8.4667,140.3333,78.37,90,81,11.77,broken clouds
455,Uthal,PK,25.8072,66.6219,81.57,71,0,11.45,clear sky
456,San,ML,13.3034,-4.8956,93.96,41,20,6.02,few clouds
457,Lovozero,RU,68.005,35.0117,34.65,99,100,4.52,overcast clouds
458,Shima,CN,24.4478,117.8111,75.99,91,23,1.43,few clouds
459,Mahibadhoo,MV,3.7833,72.9667,80.37,79,100,16.82,overcast clouds
460,Aldama,MX,22.9167,-98.0667,75.69,66,0,2.33,clear sky
461,Labuhan,ID,-6.8844,112.2051,80.08,80,66,9.17,broken clouds
462,Puerto Madero,MX,14.7208,-92.4215,86.2,74,20,0.0,few clouds
463,Suntar,RU,62.1444,117.6319,25.18,79,96,1.7,overcast clouds
464,Burns Lake,CA,54.2331,-125.7533,44.58,96,84,1.66,broken clouds
465,Madimba,TZ,-10.4,40.3333,76.42,72,24,9.71,few clouds
466,Ormara,PK,25.2088,64.6357,80.47,76,0,15.26,clear sky
467,Prince Rupert,CA,54.3161,-130.3201,56.64,90,94,5.5,overcast clouds
468,Paamiut,GL,61.994,-49.6678,37.11,72,93,1.41,overcast clouds
469,Saint Marys,US,30.7305,-81.5465,69.91,74,98,11.01,overcast clouds
470,Ranong,TH,9.9658,98.6348,78.44,88,71,11.23,broken clouds
471,Salaga,GH,8.5508,-0.5188,76.19,89,87,6.96,moderate rain
472,Vestmannaeyjar,IS,63.4427,-20.2734,50.99,87,40,4.61,scattered clouds
473,Qiqihar,CN,47.3408,123.9672,41.95,80,37,11.56,scattered clouds
474,Odweyne,SO,9.4092,45.064,81.5,40,73,7.61,broken clouds
475,Vila Velha,BR,-20.3297,-40.2925,71.94,79,99,8.01,overcast clouds
476,Umm Lajj,SA,25.0213,37.2685,88.11,56,0,8.14,clear sky
477,Souillac,MU,-20.5167,57.5167,70.18,78,20,3.44,few clouds
478,Miami,US,25.7743,-80.1937,79.02,71,0,7.0,clear sky
479,Riyadh,SA,24.6877,46.7219,89.74,11,0,8.55,clear sky
480,Chapais,CA,49.7834,-74.8492,53.8,46,78,11.7,broken clouds
481,Lomovka,RU,53.9194,58.3672,32.54,98,100,4.41,overcast clouds
482,Nagato,JP,34.3833,131.2,69.19,79,0,2.44,clear sky
483,Urusha,RU,54.05,122.9,29.12,91,8,0.96,clear sky
484,Holme,DK,56.1138,10.1725,57.18,73,47,10.85,scattered clouds
485,Srednekolymsk,RU,67.45,153.6833,28.49,81,100,11.99,overcast clouds
486,Sumbe,AO,-11.2061,13.8437,76.98,76,11,9.66,light rain
487,Baijiantan,CN,45.6333,85.1833,43.36,80,100,12.17,overcast clouds
488,Saint-Pierre,RE,-21.3393,55.4781,71.28,68,20,13.8,few clouds
489,Bongandanga,CD,1.5,21.05,87.24,52,25,3.09,scattered clouds
490,Troitskoye,RU,52.9821,84.6757,32.36,98,100,7.02,light snow
491,Omboue,GA,-1.5746,9.2618,79.36,76,81,10.18,light rain
492,Longyearbyen,SJ,78.2186,15.6401,39.04,100,100,3.44,fog
493,Atar,MR,20.5169,-13.0499,93.81,22,22,14.52,few clouds
494,Tecoanapa,MX,16.5167,-98.75,80.42,77,15,2.51,few clouds
495,Sandy Springs,US,33.9243,-84.3785,69.78,61,96,7.05,overcast clouds
496,Jever,DE,53.5833,7.9,64.0,58,22,11.5,few clouds
497,Bereda,ES,43.2686,-7.5406,67.41,64,100,4.32,overcast clouds
498,Mbamba,NG,9.9833,13.1,82.26,70,37,2.33,light rain
499,Lieksa,FI,63.3167,30.0167,43.16,88,97,2.57,overcast clouds
500,Okhotsk,RU,59.3833,143.3,38.12,65,100,7.76,overcast clouds
501,Komsomolskiy,UZ,40.4272,71.7189,70.52,26,100,9.22,overcast clouds
502,Krasnoyarka,RU,55.3333,73.1167,31.95,74,60,6.2,broken clouds
503,Petropavlovsk-Kamchatskiy,RU,53.0452,158.6483,41.68,74,27,6.76,scattered clouds
504,Thurso,GB,58.5927,-3.5259,55.65,84,100,21.94,overcast clouds
505,Nueve De Julio,AR,-35.4444,-60.8831,65.97,43,9,4.0,clear sky
506,Areosa,PT,41.7178,-8.8571,64.98,64,84,14.0,broken clouds
507,Tanete,ID,-3.9443,119.7848,75.56,95,92,1.7,overcast clouds
508,Torbat-E Jam,IR,35.244,60.6225,75.4,23,0,17.52,clear sky
509,Cayenne,GF,4.9333,-52.3333,89.64,58,75,9.22,broken clouds
510,Harbour Breton,CA,47.4833,-55.7983,55.24,66,0,10.49,clear sky
511,Alta,NO,69.9689,23.2717,43.86,66,0,5.75,clear sky
512,Cedar City,US,37.6775,-113.0619,66.4,67,0,5.75,clear sky
513,Belmopan,BZ,17.25,-88.7667,78.26,65,100,4.7,overcast clouds
514,San Juan,AR,-31.5375,-68.5364,69.3,37,0,6.85,clear sky
515,Haines Junction,CA,60.7522,-137.5108,41.88,90,77,5.61,broken clouds
516,Tautira,PF,-17.7333,-149.15,76.71,75,5,10.49,clear sky
517,Batemans Bay,AU,-35.7167,150.1833,57.09,84,100,8.25,light rain
518,Hobyo,SO,5.3505,48.5268,77.52,82,7,23.58,clear sky
519,Laguna,US,38.421,-121.4238,73.02,81,0,0.0,clear sky
520,Anito,PH,12.4497,125.2886,80.1,84,97,6.2,overcast clouds
521,Praia Da Vitoria,PT,38.7333,-27.0667,75.76,67,89,5.28,overcast clouds
522,San Carlos De Bariloche,AR,-41.1456,-71.3082,53.35,47,40,16.11,scattered clouds
523,Portales,US,34.1862,-103.3344,71.13,34,99,11.01,overcast clouds
524,Fuji,JP,35.1667,138.6833,69.96,73,0,7.07,clear sky
525,Jasper,US,37.2001,-94.3502,64.0,53,0,5.75,clear sky
526,Kisangani,CD,0.5167,25.2,80.55,73,99,2.68,overcast clouds
527,Henties Bay,NA,-22.116,14.2845,59.34,79,8,13.06,clear sky
528,Iquique,CL,-20.2208,-70.1431,60.84,59,1,6.98,clear sky
529,Soria,ES,41.6667,-2.6667,52.86,52,90,7.81,overcast clouds
530,Batagay-Alyta,RU,67.8006,130.4114,18.63,95,100,3.33,overcast clouds
531,Pithoro,PK,25.5167,69.3833,88.74,39,3,10.89,clear sky
532,Kalangala,UG,-0.3089,32.225,70.95,63,53,10.09,broken clouds
533,Methoni,GR,36.8197,21.7049,81.21,50,22,7.65,few clouds
534,Kichera,RU,55.9375,110.0997,40.28,93,100,1.32,light rain
535,Havre-Saint-Pierre,CA,50.2334,-63.5986,49.89,76,10,23.4,clear sky
536,Guiratinga,BR,-16.3494,-53.7583,95.45,30,5,1.61,clear sky
537,Saquena,PE,-4.6667,-73.5167,88.18,53,25,5.66,scattered clouds
538,Bayshore Gardens,US,27.4253,-82.5904,77.05,70,20,8.05,few clouds
539,Grindavik,IS,63.8424,-22.4338,50.47,81,75,10.36,broken clouds
540,Marawi,PH,7.9986,124.2928,69.53,94,93,0.81,overcast clouds
541,Islamkot,PK,24.6997,70.177,86.47,42,7,14.09,clear sky
542,Ghatampur,IN,26.1667,80.1667,82.8,55,4,3.02,clear sky
543,Wagar,SD,16.1525,36.2032,99.12,19,60,12.73,broken clouds
544,Abha,SA,18.2164,42.5053,68.25,40,40,18.41,scattered clouds
545,Antofagasta,CL,-23.65,-70.4,58.28,61,2,7.63,clear sky
546,Wanning,CN,18.8003,110.3967,78.91,91,98,7.85,overcast clouds
547,Aklavik,CA,68.2191,-135.0107,27.43,90,100,6.96,overcast clouds
548,Padang,ID,-0.9492,100.3543,78.48,89,100,4.18,moderate rain
549,Valley City,US,46.9233,-98.0032,54.12,62,0,11.5,clear sky
550,Dudinka,RU,69.4058,86.1778,31.46,91,100,6.82,overcast clouds
551,Half Moon Bay,US,37.4636,-122.4286,68.29,88,0,5.75,clear sky
552,Aksu,CN,41.1231,80.2644,72.34,22,100,8.21,overcast clouds
553,Taltal,CL,-25.4,-70.4833,62.37,66,18,5.53,few clouds
554,Rosetta,EG,31.4044,30.4164,83.17,64,0,13.69,clear sky
555,Dagana,MR,16.5165,-15.5068,101.64,24,8,7.7,clear sky
556,Tual,ID,-5.6667,132.75,82.8,74,43,6.67,scattered clouds
557,Shemonaikha,KZ,50.6328,81.9056,28.72,70,47,2.91,scattered clouds
558,High Level,CA,58.5169,-117.136,43.14,85,1,5.91,clear sky
559,Waipawa,NZ,-41.4122,175.5153,44.6,75,100,10.65,light rain
560,Saquarema,BR,-22.92,-42.5103,71.64,77,100,8.81,overcast clouds
561,Biak,ID,-0.9131,122.8766,76.06,88,95,1.9,overcast clouds
562,Tommot,RU,58.9564,126.2925,27.82,75,94,2.33,overcast clouds
563,Moindou,NC,-21.6924,165.677,72.18,87,98,9.51,overcast clouds
564,Dariba,IN,24.95,74.1333,75.31,66,86,2.06,overcast clouds
565,Nyimba,ZM,-14.5566,30.8149,90.68,15,67,4.43,broken clouds
566,Santa Fe,AR,-31.6333,-60.7,74.01,44,45,3.0,scattered clouds
567,Suba,PH,10.8438,121.0102,82.63,74,70,3.58,broken clouds
568,Vaitape,PF,-16.5167,-151.75,77.31,71,0,10.56,clear sky
569,Luderitz,NA,-26.6481,15.1594,69.15,50,63,25.41,broken clouds
570,Danville,US,36.586,-79.395,54.28,90,100,18.41,heavy intensity rain
571,Isabela,PH,6.7085,121.9711,77.05,83,100,1.3,overcast clouds
572,Ishnya,RU,57.1907,39.36,56.05,87,100,9.01,overcast clouds
573,Vila Franca Do Campo,PT,37.7167,-25.4333,68.41,73,59,2.21,broken clouds
574,Gilbues,BR,-9.8317,-45.3439,96.33,19,95,7.7,overcast clouds
575,Ovalle,CL,-30.5983,-71.2003,73.42,46,10,3.27,clear sky
576,Tilichiki,RU,60.4667,166.1,33.8,98,100,11.41,snow
577,Behshahr,IR,36.6923,53.5526,73.9,83,100,5.97,overcast clouds
578,Alekseyevka,RU,50.6309,38.6903,66.7,65,54,6.69,broken clouds
579,Nhulunbuy,AU,-12.2333,136.7667,79.41,89,91,0.0,overcast clouds
580,Iberia,US,29.9502,-91.7507,67.98,52,0,8.05,clear sky
581,Araouane,ML,18.9048,-3.5265,102.78,12,7,10.87,clear sky
582,Sarangani,PH,5.4033,125.4636,83.75,74,77,14.5,broken clouds
583,Birecik,TR,37.0294,37.9903,90.61,15,0,12.39,clear sky
584,Maldonado,UY,-34.6667,-54.9167,61.23,53,92,7.31,overcast clouds
585,Yotoco,CO,3.8605,-76.3836,78.94,73,93,0.27,overcast clouds
586,Fayetteville,US,35.0527,-78.8784,62.8,96,100,25.32,light rain
587,Santa Maria,BR,-29.6842,-53.8069,57.9,90,100,5.03,overcast clouds
588,Morro Bay,US,35.3658,-120.8499,58.08,99,5,2.26,clear sky
589,Gisborne,NZ,-38.6533,178.0042,55.9,98,100,9.22,moderate rain
590,Khandagayty,RU,50.7333,92.05,22.66,37,9,8.46,clear sky
591,Mandalgovi,MN,45.7625,106.2708,56.25,25,100,5.82,overcast clouds
592,Esso,RU,55.9333,158.7,31.26,95,90,3.87,overcast clouds
593,Raudeberg,NO,61.9875,5.1352,56.95,50,97,13.4,overcast clouds
594,Thunder Bay,CA,48.4001,-89.3168,56.48,53,30,3.18,scattered clouds
595,Ndele,CF,8.4109,20.6473,81.77,80,54,2.42,light rain
596,Mandaguacu,BR,-23.3472,-52.0953,58.26,93,100,5.93,light rain
597,Qasigiannguit,GL,68.8193,-51.1922,35.85,95,100,1.72,light rain
598,Weyburn,CA,49.6668,-103.8511,61.65,53,54,13.31,broken clouds
599,Rio Gallegos,AR,-51.6226,-69.2181,51.85,32,0,14.97,clear sky
600,Emmett,US,43.8735,-116.4993,56.03,82,12,4.16,few clouds
601,North Bend,US,43.4065,-124.2243,56.91,99,100,8.05,fog
602,Murakami,JP,38.2333,139.4833,62.94,83,0,5.59,clear sky
603,Urbano Santos,BR,-3.2078,-43.4036,99.18,29,44,5.12,scattered clouds
604,Taquari,BR,-29.7997,-51.8644,68.31,73,100,3.49,overcast clouds
605,Sabanagrande,CO,10.7912,-74.7606,86.09,74,40,5.75,scattered clouds
606,Yeniseysk,RU,58.4497,92.1703,33.26,99,100,3.42,overcast clouds
607,Vanimo,PG,-2.6741,141.3028,78.93,84,100,5.73,overcast clouds
608,Opuwo,NA,-18.0607,13.84,95.23,11,24,0.92,few clouds
609,Smirnykh,RU,49.75,142.8333,42.82,89,62,4.07,broken clouds
610,Piranhas,BR,-16.4269,-51.8222,93.94,32,22,6.29,few clouds
611,Nam Som,TH,17.7704,102.1895,79.09,98,100,6.53,overcast clouds
612,Hurricane,US,37.1753,-113.2899,75.6,58,1,4.18,clear sky
613,Talara,PE,-4.5772,-81.2719,72.36,60,0,14.97,clear sky
614,Huilong,CN,31.8111,121.655,72.93,93,42,8.03,scattered clouds
615,Chekhov,RU,55.1431,37.4711,58.95,96,84,6.22,broken clouds
616,Flinders,AU,-34.5833,150.8552,56.17,90,99,1.99,overcast clouds
617,Skibbereen,IE,51.55,-9.2667,61.11,81,100,21.54,overcast clouds
618,Eyrarbakki,IS,63.863,-21.1481,54.21,80,100,7.78,overcast clouds
619,Elverum,NO,60.8819,11.5623,50.29,66,88,5.37,overcast clouds
620,Naryan-Mar,RU,67.6713,53.087,34.3,65,97,15.7,overcast clouds
621,Durusu,TR,41.3053,28.6767,83.84,41,2,4.0,clear sky
622,Bolshoy Lug,RU,52.0779,104.0919,32.18,96,100,9.06,snow
623,Gaya,IN,24.7833,85.0,80.51,89,40,0.0,mist
624,Kolhapur,IN,16.7,74.2167,73.98,90,95,6.31,overcast clouds
625,Kandrian,PG,-6.2167,149.55,76.32,90,27,7.47,scattered clouds
626,Port Hawkesbury,CA,45.6169,-61.3485,60.91,76,0,7.0,clear sky
627,Jiangyou,CN,31.7667,104.7167,68.02,87,93,2.33,overcast clouds
628,Manaure,CO,11.7751,-72.4445,83.57,68,100,7.67,overcast clouds
629,Codajas,BR,-3.8367,-62.0569,98.1,32,83,4.47,broken clouds
630,Mahon,ES,39.8885,4.2658,68.56,60,20,18.41,few clouds
631,Mahanoro,MG,-19.9,48.8,69.19,73,0,6.42,clear sky
632,Deputatskiy,RU,69.3,139.9,7.25,98,98,2.15,overcast clouds
633,Juneau,US,58.3019,-134.4197,54.21,97,100,3.44,light rain
634,Gainesville,US,29.6516,-82.3248,71.44,67,0,10.36,clear sky
635,Twin Falls,US,42.3505,-114.6445,50.94,62,0,11.5,clear sky
636,Orsk,RU,51.2049,58.5668,40.1,93,75,11.18,broken clouds
637,Vung Tau,VN,10.346,107.0843,80.65,83,100,2.26,moderate rain
638,Sabang,ID,5.8933,95.3214,80.91,82,100,21.16,overcast clouds
639,Inuvik,CA,68.3499,-133.7218,25.41,94,100,3.8,overcast clouds
640,Progreso,MX,21.2833,-89.6667,82.51,62,97,10.74,overcast clouds
641,The Valley,AI,18.217,-63.0578,82.54,83,20,11.5,few clouds
642,Maamba,ZM,-17.3667,27.15,87.93,15,0,6.67,clear sky
643,Middelburg,ZA,-25.7751,29.4648,78.89,17,0,10.45,clear sky
644,Bom Jesus Da Lapa,BR,-13.255,-43.4181,95.31,25,65,5.75,broken clouds
645,Zhob,PK,31.3411,69.4481,79.5,17,0,7.2,clear sky
646,Cleethorpes,GB,53.5605,-0.0323,55.65,88,100,27.6,moderate rain
647,Warmbad,NA,-28.45,18.7333,83.44,5,5,15.57,clear sky
648,Nakhodka,RU,42.8333,132.8947,59.56,91,3,3.67,clear sky
649,Saint-Augustin,CA,51.226,-58.6502,55.81,52,6,18.37,clear sky
650,Porto Novo,BJ,6.4965,2.6036,81.39,78,90,7.18,light rain
651,Tadepallegudem,IN,16.8333,81.5,80.94,93,100,6.11,overcast clouds
652,Ecclefechan,GB,55.0593,-3.2665,59.65,84,100,17.74,overcast clouds
653,Kaeo,NZ,-35.1,173.7833,63.32,97,100,7.87,light rain
654,Arman,RU,59.7,150.1667,26.02,70,6,9.42,clear sky
655,Pashiya,RU,58.4324,58.2562,30.09,80,70,5.46,broken clouds
656,Capellania,PA,8.3,-80.55,82.22,79,100,7.56,overcast clouds
657,Novaya Ladoga,RU,60.1025,32.3019,46.87,89,93,9.53,overcast clouds
658,Turochak,RU,52.2576,87.1224,29.5,91,100,4.36,light snow
659,Watertown,US,42.3709,-71.1828,61.41,68,40,10.36,scattered clouds
660,Billings,US,45.7833,-108.5007,58.51,76,100,4.61,overcast clouds
661,Conil,FR,44.9673,3.7177,48.11,55,91,8.03,overcast clouds
662,Amuntai,ID,-2.4177,115.2494,76.24,89,100,0.54,overcast clouds
663,Toktogul,KG,41.8708,72.9402,63.75,38,80,0.72,broken clouds
664,Kanye,BW,-24.9667,25.3327,84.38,14,0,7.58,clear sky
665,Innisfail,AU,-17.5333,146.0333,68.97,76,42,1.81,scattered clouds
666,Kande,TG,9.9578,1.0447,73.72,86,100,5.14,overcast clouds
667,Husavik,IS,66.0449,-17.3389,44.64,99,100,9.28,overcast clouds
668,Epe,NG,6.5841,3.9834,79.9,80,100,6.91,light rain
669,Kushima,JP,31.4583,131.2333,70.65,92,18,3.06,few clouds
670,Bonthe,SL,7.5264,-12.505,76.69,87,95,9.48,moderate rain
671,Pastavy,BY,55.1168,26.8326,53.1,67,97,3.58,overcast clouds
672,Mineiros,BR,-17.5694,-52.5511,85.17,41,3,6.04,clear sky
673,Pushkino,RU,56.0172,37.8667,61.09,89,100,8.12,overcast clouds
674,Pestravka,RU,52.405,49.9583,56.01,78,98,6.51,overcast clouds
675,Ambatofinandrahana,MG,-20.55,46.8,68.25,31,0,9.08,clear sky
676,Sars,RU,56.5502,57.1366,36.12,79,84,7.0,broken clouds
677,Dunedin,NZ,-45.8742,170.5036,41.81,77,6,4.65,clear sky
678,Swadlincote,GB,52.774,-1.5574,55.36,90,40,24.16,moderate rain
679,Kudahuvadhoo,MV,2.6708,72.8944,80.74,77,100,16.35,overcast clouds
680,Moissala,TD,8.3404,17.7663,85.01,71,74,2.39,broken clouds
681,Santa Cecilia,BR,-26.9608,-50.4269,51.35,90,100,3.78,overcast clouds
682,Soloneshnoye,RU,51.6544,84.3197,29.23,79,100,9.55,overcast clouds
683,Sterling,US,39.0062,-77.4286,59.4,77,100,10.36,overcast clouds
684,Smidovich,RU,48.6,133.8167,50.07,90,100,8.75,moderate rain
685,Prokhorovka,RU,51.0374,36.7325,62.17,73,23,9.6,few clouds
686,Largo,US,27.9095,-82.7873,75.94,68,0,15.01,clear sky
687,Iskateley,RU,67.6803,53.1512,34.3,64,97,15.52,overcast clouds
688,Bowral,AU,-34.4667,150.4167,48.13,99,100,5.17,light rain
689,Kenai,US,60.5544,-151.2583,47.08,98,100,3.44,light rain
690,Parati,BR,-23.2178,-44.7131,66.97,94,100,4.27,overcast clouds
691,Ambilobe,MG,-13.2,49.05,75.65,59,15,4.36,few clouds
692,Beloha,MG,-25.1667,45.05,78.53,37,0,7.9,clear sky
693,Catumbela,AO,-12.4314,13.5472,75.7,79,62,8.88,light rain
